description,target_domain
fast-growing bakery in the heights,risingdoughheights.com
organic yoga studio in the downtown,pureposeyoga.com
fast-growing bakery in the harbor,harbordoughrise.com
organic barber shop in the bay area,bayorganiccuts.com
fast-growing brewery in the downtown,urbanhopbrewery.com
organic tech startup in the old town,oldtownorganictech.com
vibrant bakery in the bay area,baybakesbright.com
prime barber shop in the suburbs,suburbshave.com
prime bakery in the riverside,riversideprimebakes.com
cozy brewery in the harbor,harborhopsbrewery.com
rustic bookstore in the riverside,riversidereads.com
elite barber shop in the old town,oldtownelitecuts.com
prime brewery in the bay area,baybrewprime.com
prime yoga studio in the uptown,uptownzenyoga.com
elite tech startup in the bay area,bayareatechelite.com
new pet grooming in the old town,oldtownpaws.com
rustic co-working space in the bay area,bayareabarnwork.com
fast-growing coffee shop in the greenwich,greenwichquickbrew.com
organic bakery in the bay area,baybreadorganic.com
new pet grooming in the downtown,citypawsparlor.com
elite yoga studio in the riverside,riveryogaelite.com
organic barber shop in the suburbs,greenclipbarbers.com
rustic bakery in the suburbs,suburbloaf.com
fast-growing co-working space in the downtown,urbanworkgrowth.com
elite tailor shop in the heights,heightselitetailor.com
modern tailor shop in the old town,tailormodernique.com
prime bakery in the harbor,harborloaf.com
organic bakery in the harbor,harbordough.com
fast-growing barber shop in the uptown,uptowncutsrapid.com
fast-growing brewery in the harbor,harborhopsbrewery.com
modern barber shop in the uptown,uptowncutz.com
modern tech startup in the harbor,harbortechinnovations.com
fast-growing tech startup in the downtown,techvelocity.com
new brewery in the suburbs,suburbanbrews.com
rustic pet grooming in the greenwich,greenwichgrooming.com
trusted co-working space in the midtown,midtownsharedspace.com
modern tailor shop in the harbor,harborfittailors.com
cozy bookstore in the riverside,riversidebooknook.com
prime tech startup in the midtown,midtowntechprime.com
prime bookstore in the riverside,riversidereads.com
rustic bookstore in the old town,oldtownbookbarn.com
modern pet grooming in the greenwich,greenwichpetglam.com
rustic tech startup in the suburbs,suburbbytech.com
rustic barber shop in the downtown,rustictrim.com
fast-growing barber shop in the riverside,riversidecuts.com
fast-growing tailor shop in the greenwich,greenwichstitch.com
organic barber shop in the harbor,harbororganiccuts.com
organic yoga studio in the harbor,harboryogaoasis.com
new tailor shop in the uptown,uptownstitch.com
elite brewery in the uptown,uptownelitebrew.com
new brewery in the riverside,rivercraftbrew.com
new tailor shop in the suburbs,suburbseams.com
cozy brewery in the greenwich,greenwichbrewcozy.com
organic yoga studio in the greenwich,greenwichzen.com
new bookstore in the riverside,riversidereads.com
fast-growing tech startup in the suburbs,suburbtechrise.com
elite yoga studio in the midtown,midtownzenyoga.com
rustic brewery in the greenwich,greenwichcraftbrew.com
new yoga studio in the heights,heightsyogahaven.com
modern brewery in the uptown,uptowncraftbrew.com
new yoga studio in the riverside,riverviewyoga.com
modern brewery in the bay area,baymodernbrews.com
modern barber shop in the heights,heightsmoderncuts.com
modern barber shop in the downtown,urbanclips.com
elite tailor shop in the greenwich,greenwichfinetailor.com
new coffee shop in the greenwich,greenwichgrounds.com
prime yoga studio in the downtown,downtownzenyoga.com
elite tech startup in the heights,heightstechelite.com
trusted yoga studio in the old town,oldtownyogasanctuary.com
prime tech startup in the bay area,baytechprime.com
fast-growing tailor shop in the midtown,midtownstitch.com
cozy pet grooming in the old town,oldtownpawsparlor.com
fast-growing co-working space in the riverside,riversidegrowthspace.com
prime co-working space in the old town,primehubtown.com
new tailor shop in the midtown,midtowncustomfit.com
modern yoga studio in the downtown,urbanzenyoga.com
cozy tailor shop in the greenwich,greenwichstitch.com
trusted coffee shop in the harbor,harborbrews.com
cozy bakery in the suburbs,suburbansweetbake.com
elite bakery in the riverside,riversideelitebakery.com
fast-growing tailor shop in the downtown,citystitchtailor.com
vibrant barber shop in the riverside,riversidecuts.com
prime tech startup in the harbor,harbortechprime.com
rustic tech startup in the heights,rustictechpeak.com
fast-growing bookstore in the greenwich,greenwichbookgrowth.com
modern co-working space in the greenwich,greenwichcoworking.com
rustic brewery in the suburbs,suburbanbrews.com
trusted bookstore in the uptown,uptownbookstop.com
cozy bakery in the midtown,midtownmuffins.com
elite co-working space in the old town,premiumtownwork.com
fast-growing coffee shop in the harbor,harborbrews.com
rustic coffee shop in the midtown,midtownrusticbrew.com
trusted yoga studio in the bay area,bayzenyoga.com
elite yoga studio in the suburbs,suburbanyogaelite.com
elite coffee shop in the heights,eliteheightscoffee.com
cozy tech startup in the bay area,bayareacodencoffee.com
rustic coffee shop in the greenwich,greenwichrusticbrew.com
elite tailor shop in the riverside,riversidetailorelite.com
modern barber shop in the old town,vintagecutsbarber.com
organic bookstore in the downtown,greenreadsdowntown.com
fast-growing co-working space in the heights,heightshustlehub.com
modern pet grooming in the old town,vintagepetparlor.com
organic barber shop in the greenwich,greenwichorganiccuts.com
modern yoga studio in the old town,oldtownyogamodern.com
cozy coffee shop in the uptown,uptowncozycups.com
elite barber shop in the midtown,midtownelitecuts.com
trusted bakery in the downtown,urbanloafbakes.com
rustic bakery in the greenwich,greenwichrusticbakes.com
fast-growing barber shop in the midtown,midtownrapidcuts.com
rustic co-working space in the heights,highlandhavendesk.com
vibrant barber shop in the heights,heightscutandco.com
elite tailor shop in the downtown,primecuttailors.com
trusted brewery in the midtown,midtownbrewcraft.com
trusted pet grooming in the bay area,bayareapetspa.com
rustic barber shop in the bay area,bayrusticcuts.com
vibrant bookstore in the greenwich,greenwichbookhive.com
rustic tech startup in the uptown,rustictechhub.com
elite coffee shop in the uptown,uptownelitebrew.com
fast-growing pet grooming in the uptown,uptownpetparlor.com
trusted yoga studio in the midtown,midtownzenyoga.com
rustic yoga studio in the old town,oldtownzen.com
modern brewery in the riverside,riveredgebrews.com
cozy co-working space in the downtown,urbanhavenwork.com
cozy bakery in the bay area,baycomfortbakery.com
elite barber shop in the bay area,bayelitebarbers.com
cozy tailor shop in the riverside,riversidestitch.com
organic brewery in the uptown,uptownhops.com
trusted coffee shop in the uptown,uptownjava.com
fast-growing brewery in the midtown,midtownbrewrise.com
organic co-working space in the uptown,greenworkuptown.com
new tailor shop in the downtown,citycuttailors.com
elite coffee shop in the old town,oldtownelitecoffee.com
modern co-working space in the suburbs,suburbanworkhub.com
cozy barber shop in the riverside,riversidegroom.com
rustic yoga studio in the suburbs,suburbserenityyoga.com
trusted co-working space in the harbor,harborhavenspace.com
organic coffee shop in the riverside,riverbeancafe.com
new brewery in the downtown,cityhopbrew.com
prime barber shop in the bay area,bayprimecuts.com
rustic coffee shop in the suburbs,suburbanbrews.com
organic tailor shop in the heights,greenstitchtailor.com
fast-growing co-working space in the suburbs,suburbworkhub.com
fast-growing tech startup in the harbor,harbortechrise.com
modern pet grooming in the midtown,midtownpawsparlor.com
vibrant co-working space in the old town,colorfulcowork.com
fast-growing co-working space in the uptown,uptowngrowthspace.com
trusted tech startup in the bay area,bayareatechtrust.com
modern bookstore in the heights,heightsbookhaven.com
modern yoga studio in the heights,heightsyogamodern.com
fast-growing tailor shop in the heights,heightstailormade.com
modern tailor shop in the riverside,riverviewtailors.com
elite bakery in the greenwich,greenwichelitebakery.com
elite bookstore in the old town,oldtownbookelite.com
modern yoga studio in the harbor,harboryogahaven.com
trusted coffee shop in the heights,heightsblendcafe.com
new coffee shop in the bay area,baybrewcafe.com
prime bakery in the greenwich,greenwichprimebakes.com
organic coffee shop in the downtown,purejavacafe.com
elite barber shop in the riverside,riversideelitecuts.com
new barber shop in the midtown,midtownmanes.com
fast-growing bakery in the old town,oldtownrisebakery.com
vibrant co-working space in the heights,heightshustlehub.com
rustic coffee shop in the downtown,rusticbrewdowntown.com
prime bookstore in the downtown,primepages.com
rustic co-working space in the greenwich,greenwichrusticworks.com
fast-growing barber shop in the greenwich,greenwichgroom.com
rustic yoga studio in the bay area,bayarearusticyoga.com
modern yoga studio in the midtown,midtownzen.com
trusted bakery in the greenwich,greenwichgoodies.com
organic barber shop in the old town,oldtownorganiccuts.com
fast-growing co-working space in the midtown,midtownsynergy.com
cozy bookstore in the heights,heightsbooknook.com
trusted tech startup in the uptown,uptowntechinnovators.com
prime bakery in the heights,heightsprimebakes.com
fast-growing co-working space in the bay area,bayboostworkspaces.com
new bakery in the greenwich,greenwichfreshbakes.com
fast-growing coffee shop in the riverside,riversideroast.com
rustic co-working space in the suburbs,suburbworkhaven.com
prime barber shop in the riverside,riversideprimecuts.com
vibrant bakery in the greenwich,greenwichsweetoven.com
cozy barber shop in the harbor,harborhavenbarbers.com
trusted pet grooming in the midtown,midtownpawparlor.com
prime tailor shop in the uptown,uptowntailorprime.com
organic co-working space in the old town,greenworkshub.com
elite bookstore in the bay area,bayelitebooks.com
new tailor shop in the bay area,baycuttailors.com
cozy co-working space in the midtown,midtownhive.com
elite pet grooming in the uptown,uptownpawparlor.com
prime bookstore in the old town,classicreads.com
elite pet grooming in the midtown,midtownpawparlor.com
fast-growing pet grooming in the bay area,bayareapetspa.com
trusted tailor shop in the harbor,harborsidetailors.com
elite bookstore in the greenwich,greenwichelitebooks.com
trusted bookstore in the old town,vintagebookcorner.com
new yoga studio in the downtown,urbanzenyoga.com
prime yoga studio in the bay area,bayzenyoga.com
organic yoga studio in the bay area,bayareazen.com
rustic tech startup in the harbor,harbortechhaven.com
modern tech startup in the midtown,midtowntechinnovate.com
prime co-working space in the midtown,midtowncollab.com
trusted tech startup in the greenwich,greenwichtechhub.com
elite brewery in the greenwich,greenwichpremiumbrews.com
organic coffee shop in the uptown,uptownorganicbrew.com
modern coffee shop in the harbor,harborbrews.com
rustic coffee shop in the old town,oldtownroast.com
modern tech startup in the suburbs,suburbtechinnovations.com
rustic tech startup in the bay area,bayareabytebarn.com
modern coffee shop in the old town,retrobrewcafe.com
elite tech startup in the midtown,midtowntechelite.com
elite tech startup in the suburbs,suburbtechelite.com
elite brewery in the midtown,midtownelitebrews.com
trusted bakery in the bay area,baybreadbakery.com
rustic coffee shop in the heights,highlandsrusticbrew.com
organic pet grooming in the midtown,midtownpetorganics.com
prime yoga studio in the heights,ZenithYogaStudio.com
vibrant tailor shop in the downtown,citystitch.com
cozy yoga studio in the greenwich,greenwichyogahaven.com
organic tech startup in the uptown,uptownorganictech.com
trusted coffee shop in the riverside,riversidebrews.com
organic bakery in the suburbs,suburbansproutbakery.com
modern barber shop in the suburbs,suburbancutmodern.com
cozy tailor shop in the heights,heightshavenseamstress.com
organic bookstore in the bay area,bayleafbooks.com
trusted tech startup in the old town,oldtowninnovations.com
fast-growing brewery in the greenwich,greenwichbrewgrowth.com
fast-growing brewery in the old town,oldtownbrews.com
vibrant tailor shop in the harbor,harborstitch.com
cozy bakery in the heights,heightshomemade.com
organic co-working space in the riverside,riversidegreenwork.com
cozy yoga studio in the old town,oldtownserenity.com
rustic yoga studio in the greenwich,greenwichzen.com
cozy pet grooming in the suburbs,suburbantailspa.com
cozy tech startup in the suburbs,suburbtechhaven.com
fast-growing pet grooming in the greenwich,greenwichpetparlor.com
modern tailor shop in the midtown,midtownmodtailor.com
fast-growing bookstore in the heights,heightsbookhaven.com
vibrant coffee shop in the midtown,midtownbuzz.com
elite bookstore in the uptown,uptownliterati.com
new brewery in the midtown,midtownbrews.com
elite tech startup in the old town,oldtowninnovation.com
prime tailor shop in the old town,oldtownfinetailor.com
elite tech startup in the downtown,downtowntechelite.com
rustic pet grooming in the suburbs,suburbanpawsparlor.com
prime pet grooming in the uptown,uptownpawparlor.com
organic co-working space in the greenwich,greenwichgreendesk.com
trusted tech startup in the midtown,midtowninnovation.com
fast-growing tech startup in the bay area,bayareatechboom.com
organic tech startup in the suburbs,suburbtechorganic.com
cozy tailor shop in the uptown,uptowntailorhaven.com
vibrant tailor shop in the heights,heightstailorvibe.com
modern tailor shop in the bay area,bayareastitch.com
vibrant tech startup in the downtown,downtowninnovate.com
new coffee shop in the old town,oldtownbrews.com
new brewery in the harbor,harborhopbrewery.com
fast-growing pet grooming in the suburbs,suburbpawsparlor.com
prime co-working space in the riverside,riversidecowork.com
vibrant co-working space in the midtown,midtownhustle.com
fast-growing tech startup in the riverside,rivertechrise.com
trusted tech startup in the downtown,citytechtrust.com
trusted brewery in the heights,HeightsHopsBrewery.com
modern brewery in the downtown,urbanhopbrewery.com
rustic barber shop in the heights,highlandtrim.com
rustic bakery in the uptown,rusticrisebakery.com
rustic bookstore in the greenwich,greenwichboundbooks.com
prime co-working space in the suburbs,suburbanworkhub.com
organic tech startup in the greenwich,greenbyteorganic.com
prime pet grooming in the riverside,riversidepawparlor.com
fast-growing tech startup in the old town,oldtowninnovation.com
cozy co-working space in the greenwich,greenwichworknest.com
prime coffee shop in the suburbs,suburbanbrews.com
cozy bookstore in the midtown,midtownbooknook.com
fast-growing yoga studio in the heights,risingzenyoga.com
cozy brewery in the heights,heightshavenbrew.com
fast-growing co-working space in the old town,rapidworkhub.com
prime bookstore in the harbor,harborreads.com
rustic yoga studio in the riverside,riverrustyoga.com
cozy co-working space in the uptown,uptownhive.com
new yoga studio in the old town,oldtownyogaspace.com
modern bookstore in the harbor,harborreads.com
elite bakery in the suburbs,premiumsuburbakes.com
vibrant coffee shop in the downtown,vibrantbrews.com
vibrant bookstore in the bay area,baybookbazaar.com
vibrant yoga studio in the uptown,uptownzenyoga.com
modern tech startup in the greenwich,greenwichtechinnovations.com
elite tailor shop in the uptown,uptowncrafttailor.com
rustic brewery in the harbor,harborhopsbrewery.com
vibrant coffee shop in the riverside,riversidejava.com
elite co-working space in the greenwich,greenwichelitehub.com
fast-growing yoga studio in the riverside,riveryogarise.com
vibrant yoga studio in the harbor,harborzenyoga.com
trusted pet grooming in the suburbs,suburbanpawsparlor.com
vibrant bookstore in the suburbs,suburbanstorybooks.com
elite bakery in the midtown,midtownelitebakery.com
new barber shop in the bay area,baycutbarbers.com
vibrant brewery in the bay area,baybrewvibes.com
modern co-working space in the riverside,riverworkhub.com
vibrant pet grooming in the riverside,riversidepaws.com
cozy barber shop in the downtown,urbantrimbarbers.com
cozy bookstore in the uptown,uptownbooknook.com
elite pet grooming in the greenwich,greenwichpetelite.com
vibrant brewery in the harbor,harborhopsbrewery.com
elite co-working space in the midtown,midtowneliteworks.com
trusted co-working space in the greenwich,greenwichworkhub.com
trusted pet grooming in the old town,oldtownpawparlor.com
new yoga studio in the greenwich,greenwichzen.com
organic tailor shop in the harbor,harbortailororganic.com
cozy bakery in the harbor,harborhavenbakery.com
organic bookstore in the greenwich,greenwichorganicreads.com
modern tech startup in the uptown,uptowntechwave.com
modern coffee shop in the downtown,urbanbrewcafe.com
vibrant yoga studio in the riverside,riveryogavibes.com
vibrant co-working space in the harbor,harborhustle.com
cozy barber shop in the bay area,bayareacozycuts.com
rustic tech startup in the old town,oldtowninnovations.com
vibrant bakery in the harbor,harborhustlebakery.com
vibrant barber shop in the greenwich,greenwichgroomers.com
cozy tech startup in the midtown,midtowntechhaven.com
elite barber shop in the heights,heightselitecuts.com
fast-growing yoga studio in the greenwich,greenwichyogagrowth.com
elite tailor shop in the midtown,midtownmasterstailor.com
prime tech startup in the uptown,uptowntechprime.com
trusted bakery in the harbor,harborloaves.com
organic co-working space in the heights,greenheightswork.com
prime tailor shop in the harbor,harborsidetailors.com
vibrant co-working space in the uptown,uptownhive.com
new pet grooming in the harbor,harborpawsparlor.com
vibrant pet grooming in the old town,oldtownpetparlor.com
vibrant pet grooming in the harbor,harborpawshaven.com
trusted tech startup in the riverside,rivertechinnovations.com
trusted bakery in the old town,oldtownbakes.com
cozy pet grooming in the riverside,riversidepampers.com
modern coffee shop in the midtown,midtownmodernbrew.com
cozy bakery in the riverside,riversidecozybakes.com
modern brewery in the heights,heightshopbrew.com
prime co-working space in the downtown,primehive.com
prime pet grooming in the greenwich,greenwichpetparlor.com
cozy coffee shop in the riverside,riversidecozysip.com
cozy pet grooming in the midtown,midtownpawsparlor.com
elite coffee shop in the downtown,premiumbrewdowntown.com
organic coffee shop in the bay area,baybeanorganic.com
trusted tailor shop in the downtown,stitchcentral.com
trusted bookstore in the downtown,downtownreads.com
cozy coffee shop in the harbor,harborhavencoffee.com
cozy barber shop in the midtown,midtowntrim.com
trusted coffee shop in the suburbs,suburbanbrews.com
trusted tailor shop in the old town,oldtowncustomtailor.com
rustic tailor shop in the uptown,uptownstitchery.com
prime barber shop in the downtown,downtownprimecuts.com
cozy co-working space in the heights,heightshavenworkspace.com
prime brewery in the heights,heightshoppub.com
modern tailor shop in the suburbs,suburbanstitch.com
cozy brewery in the old town,oldtownbrews.com
rustic barber shop in the greenwich,greenwichgrooming.com
organic co-working space in the downtown,greenworkhub.com
rustic brewery in the downtown,rustykegbrewery.com
modern bookstore in the riverside,riverread.com
prime pet grooming in the midtown,midtownpawsparlour.com
fast-growing barber shop in the suburbs,suburbclips.com
rustic coffee shop in the harbor,harborbrews.com
trusted bookstore in the midtown,midtownbookhaven.com
cozy brewery in the riverside,riversidehops.com
rustic barber shop in the old town,oldtowntrim.com
rustic bakery in the old town,oldtownrusticbakery.com
fast-growing pet grooming in the heights,heightspetparlor.com
prime coffee shop in the bay area,baybrewsprime.com
elite brewery in the downtown,downtownelitebrew.com
modern bookstore in the suburbs,suburbanreads.com
new bookstore in the bay area,baybookseller.com
organic barber shop in the uptown,naturalcutsuptown.com
organic pet grooming in the greenwich,greenwichpetorganic.com
fast-growing coffee shop in the old town,oldtownbrews.com
prime yoga studio in the riverside,riveryogaoasis.com
elite barber shop in the greenwich,greenwichgrooming.com
trusted tailor shop in the suburbs,suburbstitches.com
rustic yoga studio in the downtown,downtownzen.com
rustic yoga studio in the midtown,midtownzen.com
new tech startup in the greenwich,greenwichtechinnovation.com
vibrant tech startup in the midtown,midtowntechvibe.com
vibrant brewery in the old town,oldtownbrews.com
vibrant co-working space in the bay area,bayareabuzzspace.com
prime brewery in the old town,oldtownbrews.com
modern tailor shop in the uptown,uptowntailormodern.com
rustic brewery in the riverside,rivercraftbrews.com
fast-growing bookstore in the old town,oldtownbookgrowth.com
fast-growing tailor shop in the harbor,harbortailors.com
prime bookstore in the heights,primepagesheights.com
new barber shop in the greenwich,greenwichgrooming.com
new tailor shop in the harbor,harbortailorcraft.com
new co-working space in the downtown,urbanworkhub.com
cozy pet grooming in the downtown,downtownpawsparlour.com
vibrant tech startup in the heights,heightstechvibe.com
organic co-working space in the harbor,harborhavenwork.com
cozy tech startup in the harbor,harborhivetech.com
new co-working space in the riverside,riverviewworks.com
prime brewery in the downtown,downtownprimebrew.com
cozy barber shop in the heights,heightshavenbarbers.com
modern bookstore in the old town,modernpages.com
elite coffee shop in the harbor,harborluxecoffee.com
trusted tailor shop in the bay area,bayareacustomtailor.com
modern bookstore in the downtown,urbanread.com
elite bakery in the harbor,harborluxbakes.com
elite yoga studio in the harbor,harboreliteyoga.com
fast-growing bakery in the midtown,midtownrisebakery.com
vibrant bookstore in the downtown,downtownbookbuzz.com
rustic coffee shop in the bay area,baybrewedrustica.com
new yoga studio in the harbor,harboryogahaven.com
organic coffee shop in the suburbs,suburbanorganicbrew.com
new co-working space in the greenwich,greenwichworks.com
prime brewery in the riverside,riversidehops.com
elite bookstore in the harbor,harborelitebooks.com
new tailor shop in the greenwich,greenwichstitch.com
rustic bookstore in the bay area,bayareabookbarn.com
cozy pet grooming in the uptown,uptownpamperedpets.com
vibrant yoga studio in the bay area,BayVibeYoga.com
organic pet grooming in the downtown,naturalpawsparlor.com
rustic tailor shop in the harbor,harborsidestitches.com
prime bakery in the uptown,uptownbakes.com
organic pet grooming in the suburbs,suburbpawsnatural.com
modern tech startup in the riverside,rivertechventures.com
elite bookstore in the downtown,prestigebookhaven.com
new yoga studio in the midtown,midtownzenyoga.com
fast-growing bookstore in the riverside,rapidriverbooks.com
organic tailor shop in the downtown,greenstitchtailor.com
fast-growing barber shop in the bay area,baybladebarbers.com
modern co-working space in the harbor,harborhavenspace.com
modern coffee shop in the riverside,riverbrewcafe.com
new tech startup in the harbor,harborinnovations.com
rustic co-working space in the midtown,rusticworkhub.com
new bakery in the uptown,uptownbakes.com
cozy bookstore in the greenwich,greenwichbooknook.com
organic bookstore in the midtown,midtowngreenreads.com
new pet grooming in the greenwich,greenwichpetparlor.com
cozy tailor shop in the downtown,citystitchtailor.com
modern pet grooming in the heights,highpeakpetgroom.com
trusted pet grooming in the riverside,riversidepawspa.com
vibrant yoga studio in the greenwich,greenwichvibeyoga.com
trusted coffee shop in the greenwich,greenwichgrounds.com
organic bakery in the old town,oldtownorganicbakery.com
elite coffee shop in the bay area,bayelitebrew.com
prime coffee shop in the old town,oldtownprimecoffee.com
fast-growing bakery in the downtown,urbanrisebakery.com
fast-growing coffee shop in the downtown,urbanjavagrowth.com
trusted pet grooming in the uptown,uptownpawparlor.com
vibrant co-working space in the riverside,riversidehustle.com
trusted yoga studio in the suburbs,suburbanserenityyoga.com
elite tailor shop in the suburbs,suburbanstitch.com
trusted barber shop in the riverside,riversidecuts.com
vibrant pet grooming in the heights,heightspawparlor.com
trusted co-working space in the old town,oldtowncollab.com
modern co-working space in the downtown,urbancollab.com
new bakery in the heights,heightsbakeshop.com
fast-growing yoga studio in the downtown,risingzenyoga.com
organic bookstore in the heights,greenpagesheights.com
prime brewery in the greenwich,greenwichprimebrew.com
organic tech startup in the bay area,bayareabiotec.com
modern bakery in the midtown,cityslicebakery.com
vibrant bookstore in the harbor,harborreads.com
modern barber shop in the harbor,harborcuts.com
elite pet grooming in the bay area,bayareapetpamper.com
organic coffee shop in the greenwich,greenwichorganicbrew.com
organic tailor shop in the old town,oldtownorganicthreads.com
modern bookstore in the midtown,midtownbookhaven.com
vibrant bakery in the heights,heightssweetbites.com
organic brewery in the bay area,baybarleybrew.com
rustic co-working space in the uptown,rusticuptownworks.com
modern pet grooming in the downtown,urbanpawsalon.com
modern pet grooming in the riverside,riversidepawspa.com
elite pet grooming in the downtown,downtownpamperedpets.com
elite bookstore in the suburbs,prestigepages.com
new co-working space in the midtown,midtowncollab.com
vibrant yoga studio in the old town,oldtownzen.com
cozy tech startup in the downtown,urbanhivetech.com
organic tech startup in the midtown,midtownorganictech.com
fast-growing brewery in the riverside,riversidebrewboost.com
new co-working space in the harbor,harborsidehustle.com
new tech startup in the riverside,riversidetechinnovations.com
rustic barber shop in the midtown,midtownrusticcuts.com
modern pet grooming in the suburbs,suburbanpawsalon.com
trusted brewery in the suburbs,suburbansuds.com
rustic pet grooming in the uptown,uptownpawspa.com
cozy yoga studio in the heights,heightshavenyoga.com
new coffee shop in the suburbs,suburbanbrews.com
organic pet grooming in the uptown,uptownpetorganics.com
vibrant brewery in the downtown,urbanhopsbrewery.com
rustic coffee shop in the riverside,riverbrewcafe.com
trusted co-working space in the riverside,riversidecollab.com
rustic tech startup in the downtown,rustictechhub.com
elite tech startup in the harbor,harbortechelite.com
new tech startup in the downtown,downtowninnovate.com
organic co-working space in the suburbs,suburbangreenwork.com
vibrant co-working space in the downtown,urbanworkvibe.com
new bakery in the downtown,urbanovenbakery.com
new tailor shop in the old town,oldtowncustomtailor.com
trusted tailor shop in the riverside,riversidestitch.com
fast-growing yoga studio in the uptown,uptownzenyoga.com
vibrant bakery in the suburbs,suburbansweetspot.com
prime tailor shop in the riverside,rivertailorprime.com
trusted tailor shop in the heights,heightsstitchery.com
prime bakery in the old town,oldtownprimebakery.com
organic brewery in the riverside,riverhopbrewery.com
